category	Z_alpha_category	Z_beta_category	n_envs_used
0000015	1.9645957784838501	1.938869541484374	5
0000049	2.610208840512235	2.643542651613391	5
0000155	1.5891905756704114	1.5756611040045332	5
0000156	2.5927492702118387	2.4742048162184656	5
0000160	3.1657977443692173	3.1246400117400794	5
0000166	2.3222824202289916	2.2142193386519207	5
0000271	2.116049998770888	2.0914983640890044	5
0000287	2.587679695569298	2.537081637129593	5
